,total_return,sharpe,max_dd
Buy&Hold,1.29164233961535,0.5180712494308654,-0.31798896508501995
Policy,0.9419836999279165,0.44697802060768266,-0.31798896508501995
