,total_return,sharpe,max_dd
Buy&Hold,0.7192320978027877,0.6234425170891604,-0.31269029143952787
Policy,0.7362715696169004,0.7691967029968099,-0.254963874327677
